frame number;complex0.txt;complex1.txt;complex2.txt;complex3.txt;complex4.txt;complex5.txt;complex6.txt;complex7.txt;complex8.txt;complex9.txt;simple0.txt;simple1.txt;simple2.txt;simple3.txt;simple4.txt;simple5.txt;simple6.txt;simple7.txt;simple8.txt;simple9.txt;
0;0;0;0;0;0;0;0;0;0;0;0;0;0;0;0;0;0;0;0;0;
1;0;0.597;17.397;0;0.072;0.065;0.066;0.047;0.219;0.329;0;0;0;0;0;0;0;0;0;0;
2;0;0.242;8.333;0.002;0.042;0.031;0.043;0.031;0.125;0.203;0;0;0.047;0.001;0.011;0.016;0.011;0.016;0.031;0.047;
3;0;0;0;0;0;0;0;0;0;0;0;0;0;0;0;0;0;0;0;0;
4;0;0;0;0;0;0;0;0;0;0;0;0;0;0;0;0;0;0;0;0;
5;0;0;0;0;0;0;0;0;0;0;0;0.001;0;0;0;0;0;0;0;0;
6;0;0.74;27.67;0;0.077;0.062;0.054;0.062;0.25;0.375;0;0;0;0;0;0;0;0;0;0;
7;0;0;0;0;0;0;0;0;0;0;0;0;0;0;0;0;0;0;0;0;
8;0;0;0;0;0;0;0;0;0;0;0;0;0;0;0;0;0;0;0.016;0;
9;0;0.361;11.911;0;0.067;0.041;0.047;0.031;0.171;0.25;0;0;0;0;0;0;0;0;0;0;
10;0;0;0;0;0;0;0;0;0;0;0;0;0;0;0;0;0;0;0;0;
11;0;0;0;0;0;0;0;0;0;0;0;0;0;0;0;0;0;0;0;0;
12;0;0;0;0;0;0;0;0;0;0;0;0.001;0.018;0;0.011;0.009;0.015;0.008;0.031;0.047;
13;0;0;0;0;0;0;0;0;0;0;0;0;0;0;0;0;0;0;0;0;
14;0;0;0;0;0;0;0;0;0;0;0;0;0;0;0;0;0;0;0;0;
15;0;0;0;0;0;0;0;0;0;0;0;0;0;0;0;0;0;0;0;0;
16;0;0;0;0;0;0;0;0;0;0;0;0;0;0;0;0;0;0;0;0;
17;0;0;0;0;0;0;0;0;0;0;0;0;0;0;0;0;0;0;0;0;
18;0;0;0;0;0;0;0;0;0;0;0;0.001;0.01;0;0.009;0.015;0;0;0.031;0.047;
19;0;0.265;8.254;0.001;0.047;0.041;0.047;0.031;0.156;0.203;0;0;0;0;0;0;0;0;0;0;
20;0;0.159;4.664;0;0.326;0.34;0.366;0.314;0.157;0.344;0;0;0;0;0;0;0;0;0;0;
21;0;0;0;0;0;0;0;0;0;0;0;0;0;0;0;0;0;0;0;0;
22;0;0;0;0;0;0;0;0;0;0;0;0.001;0.016;0;0.012;0;0.012;0;0.016;0.031;
23;0;0;0;0;0;0;0;0;0;0;0;0;0;0;0;0;0;0;0;0;
24;0;0.112;2.61;0.002;0.033;0.015;0.031;0.016;0.079;0.14;0;0;0;0;0;0;0;0;0;0;
25;0;0;0;0;0;0;0.001;0;0;0;0;0.001;0.014;0;0.015;0.015;0.011;0;0.031;0.032;
26;0;0;0;0;0;0;0;0;0;0;0;0;0;0;0;0;0;0;0;0;
27;0.004;0.071;1.832;0.001;0.032;0.013;0.013;0.015;0.078;0.109;0;0;0;0;0;0;0;0;0;0;
28;0;0;0;0;0;0;0;0;0;0;0;0;0.016;0;0.016;0.016;0;0.016;0.047;0.063;
29;0;0;0;0;0;0;0;0;0;0;0;0;0;0;0;0.001;0;0;0;0;
30;0;0;0;0;0;0;0;0;0;0;0;0.001;0;0.001;0.015;0.01;0.01;0.011;0.031;0.047;
31;0;0.869;28.101;0;0.085;0.062;0.057;0.047;0.234;0.344;0.004;0;0;0;0;0;0;0;0;0;
32;0;0;0;0;0;0;0;0;0;0;0;0;0;0;0;0;0;0;0;0;
33;0;0;0;0;0;0;0;0;0;0;0;0;0;0;0;0;0.001;0;0;0;
34;0;0;0;0;0;0;0;0;0;0;0;0;0;0;0;0;0;0;0;0;
35;0;0;0;0;0;0;0;0;0;0;0;0;0;0;0;0;0;0;0;0;
36;0;0;0;0;0;0;0;0;0;0;0;0;0;0;0;0;0;0;0;0;
37;0.016;0.234;9.209;0.001;0.047;0.036;0.031;0.016;0.141;0.203;0;0;0;0;0;0;0;0;0;0;
38;0;0.372;14.764;0;0.063;0.055;0.047;0.032;0.172;0.265;0;0;0;0;0;0;0;0;0;0;
39;0;0.23;7.34;0.001;0.047;0.035;0.029;0.031;0.14;0.188;0;0;0.013;0.001;0.01;0.016;0;0;0.031;0.031;
40;0;0;0;0;0;0;0;0;0;0;0;0;0;0;0;0;0;0;0;0;
41;0;0;0;0;0;0;0;0;0;0;0;0.001;0.015;0;0;0;0;0.007;0.015;0.047;
42;0;0.176;6.797;0.001;0.032;0.037;0.031;0.032;0.11;0.172;0;0;0;0;0;0;0;0;0;0;
43;0;0;0;0;0;0;0;0;0;0;0;0;0;0;0;0;0;0;0;0;
44;0;0;0;0;0;0;0;0;0;0;0;0;0;0;0;0;0;0;0;0;
45;0;0;0;0;0;0;0;0;0;0;0;0;0;0;0;0;0;0;0;0;
46;0;0;0;0;0;0;0;0;0;0;0;0;0;0;0;0;0;0;0;0;
47;0;0;0;0;0;0;0;0;0;0;0;0;0;0;0;0;0;0;0;0;
48;0;0;0.001;0;0;0;0;0;0;0;0;0;0;0;0;0;0;0;0;0;
49;0;0.412;13.956;0.002;0.071;0.046;0.031;0.047;0.187;0.281;0;0;0;0;0;0;0;0;0;0;
50;0;0;0;0;0;0;0;0;0;0;0;0;0.002;0.001;0.016;0.015;0.009;0.008;0.047;0.047;
51;0;0;0;0;0;0;0;0;0;0;0;0;0;0;0;0;0;0;0;0;
52;0;0;0;0.001;0;0;0;0;0;0;0;0;0;0;0;0;0;0;0;0;
53;0;0;0;0;0;0;0;0;0;0;0;0;0.016;0.001;0.01;0.008;0;0.009;0.031;0.047;
54;0;0;0;0;0;0;0;0;0;0;0;0;0;0;0;0;0;0;0;0;
55;0;0;0;0;0;0;0;0;0;0;0;0;0;0;0;0;0;0;0;0;
56;0;0;0;0;0;0;0;0;0;0;0;0;0;0;0;0;0;0;0;0;
57;0;0;0;0;0;0;0;0;0;0;0;0;0;0;0;0;0;0;0;0;
58;0;0;0;0;0;0;0;0;0;0;0;0;0.023;0;0.01;0.008;0.015;0.008;0.047;0.046;
59;0;0;0;0;0;0;0;0;0;0;0;0;0;0;0;0;0;0;0;0;
60;0;0;0;0;0;0;0;0;0;0;0;0.002;0;0.001;0.002;0.002;0;0.002;0;0;
61;0;0;0;0;0;0;0;0;0;0;0;0;0;0;0;0;0;0;0;0;
62;0;0.455;17.189;0.001;0.058;0.041;0.055;0.047;0.188;0.281;0;0;0.016;0;0.01;0;0;0.016;0.031;0.031;
63;0;0;0;0;0;0;0;0;0;0;0;0;0;0;0.01;0.009;0;0.01;0.031;0.047;
64;0;0;0;0;0;0;0;0;0;0;0;0;0;0;0;0;0;0;0;0;
65;0;0;0;0;0;0;0;0;0;0;0;0.001;0.003;0;0.008;0;0.016;0.006;0.015;0.031;
66;0;0.426;16.109;0;0.047;0.04;0.033;0.032;0.188;0.281;0;0;0.016;0;0.009;0.015;0;0.016;0.015;0.047;
67;0;0.116;4.171;0;0.031;0.031;0.031;0.016;0.094;0.141;0;0;0;0;0;0;0;0;0;0;
68;0;0;0;0.001;0;0;0;0;0;0;0;0;0;0;0;0;0;0;0;0;
69;0;0;0;0;0;0;0;0;0;0;0;0;0.016;0;0.013;0;0;0.003;0.047;0.047;
70;0;0;0;0;0;0;0;0;0;0;0;0;0;0;0;0;0;0;0;0;
71;0;0;0;0;0;0;0;0;0;0;0;0;0.016;0;0.009;0.007;0;0;0.016;0.031;
72;0;0;0;0;0;0;0;0;0;0;0;0;0.015;0;0.011;0.009;0;0.016;0.047;0.047;
73;0.004;0.64;24.739;0;0.065;0.042;0.059;0.047;0.219;0.328;0;0;0;0;0;0;0;0;0;0;
74;0;0;0;0;0;0;0;0;0;0;0;0;0.021;0;0.011;0;0;0.016;0.047;0.063;
75;0;0;0;0;0.016;0;0;0;0;0;0.016;0;0;0;0;0;0;0;0;0;
76;0;0;0;0;0;0;0;0;0;0;0;0;0;0;0;0;0;0;0;0;
77;0;0;0;0;0;0;0;0;0;0;0;0;0;0;0;0;0;0;0;0;
78;0;0.303;8.78;0;0.047;0.043;0.035;0.032;0.156;0.235;0;0;0;0;0;0;0;0;0;0;
79;0;0;0;0;0;0;0;0;0;0;0;0;0;0;0;0;0;0;0;0;
80;0;0;0;0;0;0;0;0;0;0;0;0;0;0;0;0;0;0;0;0;
81;0;0;0;0;0;0;0;0;0;0;0;0;0;0;0.015;0.016;0.001;0.015;0.031;0.047;
82;0;0;0;0;0;0;0;0;0;0;0;0;0.015;0;0.01;0.01;0.016;0.017;0.031;0.047;
83;0;0;0;0;0;0;0;0;0;0;0;0.002;0;0;0.012;0.01;0.009;0;0.031;0.047;
84;0;0;0;0;0;0;0;0;0;0;0;0;0;0;0.007;0.008;0;0.007;0.031;0.047;
85;0;0;0;0;0;0;0;0;0;0;0;0;0;0;0;0;0;0;0;0;
86;0;0;0;0;0;0;0;0;0;0;0;0;0;0;0;0;0;0;0;0;
87;0;0;0;0;0;0;0;0;0;0;0;0;0;0;0;0;0.001;0;0;0;
88;0;0;0;0;0;0;0;0;0;0;0.016;0;0;0;0;0;0;0;0;0;
89;0;0.406;13.727;0;0.046;0.042;0.03;0.031;0.172;0.25;0;0;0;0;0;0;0;0;0;0;
90;0;0.162;6.199;0.002;0.034;0.016;0.025;0.016;0.109;0.156;0;0.015;0;0;0;0;0;0;0;0;
91;0;0.296;12.097;0;0.05;0.039;0.036;0.031;0.156;0.234;0;0.001;0.016;0;0.012;0.01;0;0;0.032;0.046;
92;0;0.351;10.958;0.001;0.045;0.044;0.037;0.031;0.172;0.25;0;0;0;0;0;0;0;0;0;0;
93;0;0;0;0;0;0;0;0;0;0;0;0.001;0.012;0;0.01;0.015;0;0.016;0.031;0.032;
94;0;0.172;5.717;0.001;0.024;0.013;0.026;0.015;0.125;0.157;0;0;0;0;0;0;0;0;0;0;
95;0;0;0;0;0;0;0;0;0;0;0;0;0;0;0;0;0;0.001;0;0;
96;0;0.078;2.93;0;0.04;0.016;0.018;0.016;0.078;0.125;0;0;0;0;0;0;0;0;0;0;
97;0;0.414;13.981;0.002;0.066;0.046;0.043;0.046;0.188;0.281;0;0;0.016;0;0.013;0;0.016;0;0.031;0.047;
98;0;0;0;0;0;0;0;0;0;0;0;0;0;0;0;0;0;0;0;0;
99;0;0;0;0;0;0;0;0;0;0;0;0;0;0;0;0;0;0.001;0;0;
100;0;0;0;0;0;0;0;0;0;0;0;0;0;0;0;0;0;0;0;0;
101;0;0;0;0;0;0;0;0;0;0;0;0;0;0;0.001;0;0;0;0;0;
102;0;0;0;0;0;0;0;0;0;0;0.016;0;0.014;0;0.018;0.005;0.016;0.015;0.031;0.047;
103;0;0;0;0;0;0;0.001;0;0;0;0;0.001;0;0;0;0;0;0.001;0;0;
104;0;0;0;0;0;0;0;0;0;0;0;0.001;0.014;0;0.012;0.009;0;0.008;0.031;0.047;
105;0;0;0;0;0;0;0;0;0;0;0;0;0.001;0;0;0.001;0;0;0;0;
106;0.016;1.207;44.609;0.003;0.094;0.079;0.07;0.062;0.296;0.453;0;0;0;0;0;0;0;0;0;0;
107;0;0;0;0;0;0;0;0;0;0;0;0;0.001;0;0;0;0;0;0;0;
108;0;0;0;0;0;0;0;0;0;0;0;0;0;0;0;0;0;0;0;0;
109;0;0.084;1.492;0;0.016;0.018;0.018;0.015;0.078;0.109;0;0;0;0;0;0;0;0;0;0;
110;0;0.289;9.473;0;0.047;0.036;0.033;0.031;0.157;0.203;0;0;0;0.001;0.001;0;0;0;0;0;
111;0;0;0;0;0;0;0;0;0;0;0;0;0;0;0;0;0;0.001;0;0;
112;0;0;0;0;0;0;0;0;0;0;0;0;0.014;0;0.011;0;0;0.016;0.031;0.047;
113;0;0;0;0;0;0;0;0;0;0;0;0.002;0.003;0.001;0.012;0.009;0.016;0;0.031;0.047;
114;0;0;0;0;0;0;0;0;0;0;0;0;0;0;0;0;0;0;0;0;
115;0;0;0;0;0;0;0;0;0;0;0;0;0;0;0;0;0;0;0;0;
116;0;0;0;0;0;0;0.001;0;0;0;0;0;0;0;0;0;0;0;0;0;
117;0;0;0;0;0;0;0;0;0;0;0;0;0;0.001;0;0;0;0;0;0;
118;0;0;0;0;0;0;0;0;0;0;0;0;0;0;0;0;0;0;0;0;
119;0;0;0;0;0;0;0;0;0;0;0;0;0;0;0;0;0;0;0;0;
120;0;0;0;0;0;0;0;0;0;0;0;0;0;0;0;0;0;0;0;0;
121;0;0;0;0;0;0;0;0;0;0;0;0;0;0;0;0;0;0;0;0;
122;0;0;0;0;0;0;0;0;0;0;0;0;0;0;0;0.016;0;0.007;0.031;0.047;
123;0;0.315;9.135;0.001;0.047;0.039;0.042;0.032;0.156;0.219;0;0;0;0;0;0;0;0;0;0;
124;0;0;0;0;0;0;0;0;0;0;0;0;0;0;0;0;0;0;0;0;
125;0;0;0;0;0;0;0;0;0;0;0;0;0;0;0;0;0;0;0;0;
126;0;0;0;0;0;0;0;0;0;0;0;0.015;0.007;0;0.011;0;0.021;0.016;0.031;0.047;
127;0;0.32;11.215;0;0.048;0.039;0.044;0.032;0.156;0.25;0;0;0;0;0;0;0;0;0;0;
128;0;0;0;0;0;0;0;0;0;0;0;0;0;0;0;0;0;0;0;0;
129;0;0.321;9.563;0;0.056;0.027;0.054;0.031;0.156;0.234;0;0;0;0;0;0;0;0;0;0;
130;0;0;0;0;0;0;0;0;0;0;0;0;0;0;0;0;0;0;0;0;
131;0;0;0;0;0;0;0;0;0;0;0;0;0;0;0;0;0;0;0;0;
132;0;0;0;0;0.015;0;0;0;0;0;0;0;0;0;0;0;0;0;0;0;
133;0;0;0;0.001;0;0;0;0;0;0;0;0;0;0;0;0;0;0;0;0;
134;0;0;0;0;0;0;0;0;0;0;0;0;0;0;0;0;0;0;0;0;
135;0;0;0;0;0;0;0;0;0;0;0;0;0;0;0;0;0;0;0;0;
136;0;0.105;2.943;0.001;0.031;0.025;0.015;0.016;0.094;0.14;0;0;0.015;0;0.011;0;0.016;0.016;0.031;0.047;
137;0;0;0;0;0;0;0;0;0;0;0;0;0;0;0;0;0;0;0;0;
138;0;0.001;0;0;0;0;0.001;0;0;0;0;0;0;0;0;0;0;0;0;0;
139;0;0;0;0;0;0;0;0;0;0;0;0;0;0;0;0;0;0;0;0;
140;0;0.162;3.341;0.002;0.282;0.31;0.318;0.312;0.14;0.282;0;0;0;0;0;0;0;0;0;0;
141;0;0;0;0;0;0;0;0;0;0;0;0;0;0;0;0;0;0;0;0;
142;0;0;0;0;0;0;0;0;0;0;0;0;0;0;0;0;0;0;0;0;
143;0;0;0;0;0;0;0;0;0;0;0;0;0;0;0;0;0;0;0;0;
144;0;0.289;7.469;0.001;0.047;0.032;0.032;0.031;0.141;0.234;0;0;0;0;0;0;0;0;0;0;
145;0.016;0.161;5.54;0.001;0.031;0.026;0.024;0.016;0.109;0.157;0;0;0.015;0;0;0.009;0.015;0;0.031;0.047;
146;0;0;0;0;0;0;0;0;0;0;0;0;0.015;0.001;0.015;0.015;0;0.016;0.031;0.031;
147;0;0;0;0;0;0;0;0;0;0;0;0;0.016;0;0.015;0;0.011;0;0.032;0.047;
148;0;0.077;2.604;0;0.021;0.017;0.019;0.015;0.078;0.109;0;0;0;0.001;0.001;0;0.001;0;0;0;
149;0;0.156;5.752;0;0.031;0.027;0.025;0.031;0.11;0.172;0;0;0;0;0;0;0;0;0;0;
150;0;0.386;11.722;0.001;0.047;0.053;0.043;0.047;0.172;0.25;0;0;0.015;0;0.008;0.009;0;0;0.015;0.047;
151;0;0;0;0;0;0;0;0;0;0;0;0;0.016;0;0.016;0;0.016;0.004;0.031;0.047;
152;0;0;0;0;0;0;0;0;0;0;0;0;0.015;0.001;0.007;0.013;0.008;0.015;0.046;0.047;
153;0;0.317;12.42;0;0.047;0.049;0.047;0.032;0.156;0.25;0;0;0.016;0;0.014;0.015;0.016;0.015;0.031;0.046;
154;0.015;0;0;0;0;0;0;0;0;0;0;0;0;0;0;0;0;0;0;0;
155;0;0;0;0;0;0;0;0;0;0;0;0;0;0;0;0;0;0;0;0;
156;0;0;0;0;0;0;0;0;0;0;0;0;0;0;0;0;0;0;0;0;
157;0;0.007;0;0;0;0;0;0;0;0;0;0;0;0;0;0;0;0;0;0;
158;0;0;0;0;0;0;0;0;0;0;0;0.001;0.016;0;0.009;0.012;0.016;0;0.031;0.047;
159;0;0;0;0;0;0;0;0;0;0;0;0;0;0;0;0;0;0.001;0;0;
160;0;0;0;0;0;0;0;0;0;0;0;0;0;0;0;0;0;0;0;0;
161;0;0;0;0;0;0;0;0;0;0;0;0.001;0;0;0;0;0;0;0;0;
162;0;0;0;0;0;0;0;0;0;0;0;0;0;0;0;0;0;0;0;0;
163;0;0;0;0;0;0;0;0;0;0;0;0;0;0;0;0;0;0;0;0;
164;0;0.339;11.426;0.016;0.046;0.031;0.032;0.031;0.172;0.25;0;0;0;0;0;0;0;0;0;0;
165;0;0.181;6.192;0;0.048;0.036;0.015;0.015;0.11;0.172;0;0.001;0.016;0;0.016;0;0;0.007;0.031;0.047;
166;0;0;0;0;0;0;0;0;0;0;0;0;0;0;0;0;0;0;0;0;
167;0;0.386;13.136;0;0.061;0.046;0.047;0.047;0.172;0.265;0;0.001;0.016;0;0.015;0.007;0.016;0.015;0.031;0.046;
168;0;0;0;0;0;0;0;0;0;0;0;0;0;0;0;0;0;0;0;0;
169;0;0;0;0;0;0;0;0;0;0;0;0;0;0;0;0;0;0;0;0;
170;0;0.533;19.662;0.002;0.073;0.044;0.047;0.047;0.203;0.297;0;0;0;0;0;0;0;0;0;0;
171;0;0;0;0;0;0;0;0;0;0;0;0;0;0;0;0;0;0;0;0;
172;0;0.157;5.487;0.001;0.038;0.04;0.016;0.016;0.109;0.172;0;0.002;0.015;0;0.016;0.01;0.016;0;0.047;0.047;
173;0;0;0;0;0;0;0;0;0;0;0;0;0;0.001;0;0;0.001;0;0;0;
174;0;0;0;0;0;0;0;0;0;0;0;0.002;0.016;0.001;0.009;0.007;0.005;0.015;0.031;0.046;
175;0;0;0;0;0;0;0;0;0;0;0;0;0;0;0;0;0;0;0;0;
176;0;0;0;0;0;0;0;0;0;0;0;0;0;0;0;0;0;0;0;0;
177;0;0.47;16.516;0;0.079;0.047;0.038;0.047;0.203;0.297;0;0;0;0;0;0;0;0;0;0;
178;0.004;0.467;16.807;0;0.071;0.056;0.047;0.047;0.203;0.297;0;0;0;0;0;0;0;0;0;0;
179;0;0;0;0;0;0;0;0;0;0;0;0;0;0;0;0;0;0;0;0;
180;0;0;0;0;0;0;0;0;0;0;0;0;0;0;0;0;0;0;0;0;
181;0;0.35;11.116;0;0.044;0.047;0.046;0.047;0.172;0.25;0;0;0;0;0;0;0;0;0;0;
182;0;0;0;0;0;0;0;0;0;0;0;0.001;0.015;0.001;0.016;0.005;0;0.015;0.047;0.047;
183;0;0;0;0;0;0;0;0;0;0;0;0;0;0;0;0;0;0;0;0;
184;0.004;0.244;9.019;0.001;0.058;0.031;0.031;0.031;0.141;0.204;0;0;0;0.001;0;0;0;0;0;0;
185;0;0;0;0;0;0;0;0;0;0;0;0;0;0;0;0;0;0;0;0;
186;0;0;0;0;0;0;0;0;0;0;0;0.001;0;0;0;0;0;0;0;0;
187;0;0;0;0;0;0;0;0;0;0;0;0;0;0;0;0;0;0;0;0;
188;0;0;0;0;0;0;0;0;0;0;0;0;0;0;0;0;0.001;0;0;0;
189;0;0;0;0;0;0;0;0;0;0;0;0;0;0;0;0;0;0;0;0;
190;0;0.001;0;0;0;0;0;0;0;0;0;0.001;0.022;0;0.015;0.008;0.016;0.007;0.031;0.047;
191;0;0;0;0;0.001;0;0;0;0;0;0;0;0;0;0;0;0;0;0;0;
192;0;0.416;10.217;0;0.049;0.047;0.033;0.047;0.171;0.25;0;0;0;0;0;0;0;0.001;0;0;
193;0;0.411;16.557;0.001;0.044;0.047;0.047;0.047;0.187;0.281;0;0.001;0;0;0;0;0;0;0;0;
194;0;0;0;0;0;0;0;0;0;0;0;0;0;0;0;0;0;0;0;0;
195;0;0;0;0;0;0;0;0;0;0;0;0;0;0;0;0;0;0;0;0;
196;0;0;0;0;0;0;0;0;0;0;0;0;0;0;0;0;0;0;0;0;
197;0;0;0;0;0;0;0;0;0;0;0;0;0;0;0;0;0;0;0;0;
198;0;0;0;0;0;0;0;0;0;0;0;0.001;0;0;0;0.02;0.007;0;0.031;0.047;
199;0;0;0;0;0;0;0;0;0;0;0;0;0;0;0;0;0;0;0;0;
200;0;0;0;0;0;0.016;0;0;0;0;0;0;0;0;0;0;0;0;0;0;
201;0;0;0.001;0;0;0;0;0;0;0;0;0;0;0;0;0;0;0;0;0;
202;0;0;0.001;0;0.001;0;0;0;0;0;0;0.002;0.016;0;0.016;0.009;0.007;0;0.031;0.047;
203;0;0.177;6.004;0.001;0.043;0.015;0.031;0.015;0.125;0.172;0;0.002;0.001;0;0;0.008;0;0.016;0.031;0.047;
204;0;0;0;0;0;0;0;0;0;0;0;0;0;0;0;0;0;0;0;0;
205;0;0;0.001;0;0;0;0;0;0;0;0;0;0;0;0;0;0;0;0;0;
206;0;0;0;0;0;0;0;0;0;0;0;0;0;0;0;0;0;0;0;0;
207;0;0;0;0;0;0;0;0;0;0;0;0;0;0;0;0;0;0;0;0;
208;0;0;0;0;0;0;0;0;0;0;0;0;0;0;0;0;0;0;0;0;
209;0;0.183;7.109;0;0.043;0.015;0.043;0.016;0.125;0.172;0;0.001;0.015;0;0.016;0.015;0;0;0.031;0.062;
210;0;0.196;7.879;0.001;0.033;0.031;0.025;0.015;0.125;0.188;0;0;0;0;0;0;0;0;0;0;
211;0;0.48;17.835;0;0.058;0.055;0.056;0.047;0.187;0.297;0;0;0;0;0;0;0;0;0;0;
212;0;0;0;0;0;0;0.001;0;0;0;0;0.002;0.013;0;0;0.009;0.016;0.016;0.031;0.047;
213;0;0;0;0;0;0;0;0;0;0;0;0.001;0;0;0;0;0;0;0;0;
214;0;0.372;12.658;0.001;0.044;0.034;0.032;0.047;0.171;0.25;0;0;0;0;0;0;0;0;0;0;
215;0;0.235;7.954;0;0.037;0.038;0.034;0.031;0.125;0.172;0;0;0;0.001;0;0;0;0;0;0;
216;0;0;0;0;0;0;0;0;0;0;0;0;0;0;0;0;0;0;0;0;
217;0;0;0;0;0;0;0;0;0;0;0;0.001;0.016;0;0.016;0.016;0.007;0;0.032;0.047;
218;0;0;0;0;0;0.001;0;0;0;0;0;0;0;0;0;0;0;0;0;0;
219;0;0;0;0;0;0;0;0;0;0;0;0;0;0;0;0;0;0;0;0;
220;0;0;0;0;0;0;0;0;0;0;0;0;0;0;0;0.001;0.002;0;0;0;
221;0;0;0;0;0;0;0;0;0;0;0;0;0;0;0;0;0;0;0;0;
222;0;0;0;0;0;0;0;0;0;0;0;0.001;0.016;0;0.016;0.008;0.014;0.016;0.031;0.047;
223;0;0;0;0;0;0;0;0;0;0;0;0;0;0;0;0;0;0;0;0;
224;0;0;0;0;0;0;0;0;0;0;0;0;0;0;0;0;0;0;0;0;
225;0;0;0;0;0;0;0;0;0;0;0;0;0;0;0;0.001;0;0;0;0;
226;0;0;0;0;0;0;0.001;0;0;0;0;0;0;0;0;0;0;0;0;0;
227;0;0;0;0;0;0;0;0;0;0;0;0;0;0;0;0;0;0;0;0;
228;0;0;0;0;0;0;0;0;0;0;0;0;0;0;0;0;0;0;0;0;
229;0;0;0;0;0;0;0;0;0;0;0;0.001;0;0;0;0;0;0;0;0;
230;0;0.425;13.159;0.002;0.077;0.047;0.04;0.031;0.172;0.25;0;0;0;0;0;0;0;0;0;0;
231;0;0;0;0;0;0;0;0;0;0;0;0;0;0;0;0;0;0;0;0;
232;0;0.108;2.669;0.001;0.018;0.016;0.03;0.016;0.094;0.125;0;0;0;0;0;0;0;0;0;0;
233;0;0;0;0;0;0;0;0;0;0;0;0;0;0;0;0;0;0;0;0;
234;0;0;0;0;0;0;0;0;0;0;0;0.001;0;0;0;0;0.014;0.016;0;0;
235;0;0.276;9.764;0.001;0.05;0.031;0.034;0.031;0.156;0.219;0;0;0;0;0;0;0;0;0;0;
236;0;0;0;0;0;0;0;0;0;0;0;0.001;0.016;0;0.015;0.023;0.009;0.016;0.031;0.047;
237;0;0;0;0;0;0;0;0;0;0;0;0.001;0.018;0;0;0;0.013;0.016;0.031;0.047;
238;0;0;0;0;0;0;0;0;0;0;0;0;0;0;0;0;0;0;0;0;
239;0;0.283;9.612;0;0.059;0.031;0.034;0.031;0.141;0.219;0;0.001;0.015;0;0.015;0.016;0.008;0.016;0.016;0.046;
240;0;0;0;0;0;0;0;0;0;0;0;0;0;0;0;0;0;0;0;0;
241;0;0;0;0;0;0;0;0;0;0;0;0;0;0;0;0;0;0;0;0;
242;0;0;0;0;0;0;0;0;0;0;0;0;0;0;0;0;0;0;0;0;
243;0;0;0;0;0;0;0;0;0;0;0;0;0;0;0;0;0;0;0;0;
244;0;0;0;0;0;0;0;0;0;0;0;0;0;0;0;0;0;0;0;0;
245;0;0;0;0;0;0;0;0;0;0;0;0.001;0.016;0.001;0;0;0.008;0;0.031;0.047;
246;0;0;0;0;0;0;0;0;0;0;0;0;0;0;0;0;0.001;0;0;0;
247;0;0;0;0;0;0.015;0;0;0;0;0;0;0;0;0;0;0;0;0;0;
248;0;0.433;16.287;0;0.044;0.047;0.041;0.031;0.187;0.265;0;0;0;0;0;0;0;0;0;0;
249;0;0;0;0;0;0;0;0;0;0;0;0.001;0;0.001;0;0;0;0;0;0;
250;0;0.032;0.677;0;0;0;0.002;0.016;0.047;0.063;0;0;0;0;0;0;0;0;0;0;
251;0;0;0;0;0;0;0;0;0;0;0;0;0;0;0;0;0;0;0;0;
252;0;0;0;0;0;0;0;0;0;0;0;0.001;0.016;0;0;0.015;0.007;0;0.031;0.047;
253;0;0;0;0;0;0;0;0;0;0;0;0.002;0.016;0;0.015;0.016;0.008;0.015;0.031;0.047;
254;0;0;0;0;0;0;0;0;0;0;0;0.001;0.012;0;0;0.016;0.008;0.016;0.031;0.047;
255;0;0;0;0;0;0;0;0;0;0;0;0;0;0;0;0;0;0;0;0;
256;0;0;0;0;0;0;0;0;0;0;0;0;0;0;0;0;0;0;0;0;
257;0;0;0;0;0;0;0;0;0;0;0;0.001;0;0;0;0.016;0;0;0;0;
258;0;0;0;0;0;0;0;0;0;0;0;0;0;0;0;0;0;0;0;0;
259;0;0;0;0;0;0;0;0;0;0;0;0;0;0;0;0;0.001;0;0;0;
260;0;0.406;14.131;0;0.8;0.79;0.816;0.75;0.391;0.78;0;0;0;0.001;0;0;0;0;0;0;
261;0;0;0;0;0;0;0;0;0;0;0;0.002;0;0;0;0.011;0.008;0.016;0.032;0.046;
262;0;0;0;0;0;0;0;0;0;0;0;0.001;0;0.001;0.015;0.008;0;0.015;0.031;0.047;
263;0;0.257;8.995;0.001;0.044;0.032;0.045;0.031;0.156;0.219;0;0;0;0;0;0;0;0;0;0;
264;0;0;0;0;0;0;0;0;0;0;0;0;0;0.001;0;0;0;0;0;0;
265;0;0;0;0;0;0;0;0;0;0;0;0;0;0;0;0;0;0;0;0;
266;0;0;0;0;0;0;0;0;0;0;0;0;0;0;0;0;0;0;0;0;
267;0;0;0;0;0;0;0;0;0;0;0;0;0;0;0;0;0;0;0;0;
268;0;0;0;0;0;0;0;0;0;0;0;0;0;0;0;0;0;0;0;0;
269;0;0;0;0;0;0;0;0;0;0;0;0;0;0;0;0;0;0;0;0;
270;0;0;0;0;0;0;0;0;0;0;0;0;0;0;0;0;0;0;0;0;
271;0;0.334;11.353;0;0.037;0.032;0.036;0.031;0.157;0.234;0;0.002;0;0;0.015;0.016;0.007;0;0.031;0.047;
272;0;0;0;0;0;0;0;0;0;0;0;0;0;0;0;0;0;0;0;0;
273;0;0;0;0;0;0;0;0;0;0;0;0.002;0.016;0;0.015;0.007;0.007;0.016;0.031;0.031;
274;0.004;0.13;2.015;0.001;0.031;0.031;0.02;0.015;0.094;0.141;0;0;0;0;0;0;0;0;0;0;
275;0;0;0;0;0;0;0;0;0;0;0;0;0;0;0;0;0;0;0;0;
276;0;0;0;0;0;0;0;0;0;0;0;0;0;0;0;0;0;0;0;0;
277;0.004;0.222;7.803;0;0.031;0.042;0.032;0.031;0.125;0.188;0;0;0;0;0;0;0;0;0;0;
278;0;0.125;4.282;0;0.037;0.031;0.021;0.015;0.094;0.141;0;0.001;0.016;0;0.015;0;0.009;0;0.032;0.063;
279;0;0.233;6.201;0.001;0.047;0.047;0.034;0.032;0.14;0.203;0;0;0;0;0;0;0;0;0;0;
280;0;0.139;4.484;0;0.328;0.282;0.458;0.25;0.141;0.282;0;0;0;0;0;0;0;0;0;0;
281;0;0;0;0;0;0;0.001;0;0;0;0;0;0;0;0;0;0;0;0;0;
282;0;0;0;0;0;0;0;0;0;0;0;0.001;0.014;0.001;0.013;0.024;0.009;0;0.031;0.047;
283;0;0.493;16.735;0;0.057;0.047;0.06;0.031;0.188;0.281;0;0;0;0;0;0;0;0;0;0;
284;0;0;0;0;0;0;0;0;0;0;0;0;0;0;0;0;0.001;0;0;0;
285;0;0;0;0;0;0;0;0;0;0;0;0;0;0.001;0;0;0;0;0;0;
286;0;0.151;4.797;0;0.031;0.031;0.025;0.016;0.11;0.157;0;0;0;0;0;0;0;0;0;0;
287;0;0;0;0;0;0;0;0;0;0;0;0;0;0;0;0;0;0;0;0;
288;0;0;0;0;0;0;0;0;0;0;0;0;0;0;0;0;0;0;0;0;
289;0;0;0;0;0;0;0;0;0;0;0;0.002;0.016;0;0.016;0.016;0.009;0.016;0.047;0.046;
290;0;0;0;0;0;0;0;0;0;0;0;0;0;0;0;0;0;0;0;0;
291;0;0;0;0;0;0;0;0;0;0.016;0;0;0;0;0;0;0;0;0;0;
292;0;0;0;0;0;0;0;0;0;0;0;0;0;0;0;0;0;0;0;0;
293;0.004;0.12;3.622;0;0.031;0.027;0.015;0.016;0.094;0.141;0;0.001;0;0;0;0;0;0;0;0;
294;0;0;0;0;0;0;0;0;0;0;0;0;0;0;0;0;0;0;0;0;
295;0;0;0;0;0;0;0;0;0;0;0;0;0;0;0;0;0;0;0;0;
296;0;0.407;14.725;0.001;0.055;0.032;0.032;0.047;0.187;0.266;0;0;0;0;0;0;0;0;0;0;
297;0;0;0;0;0;0;0;0;0;0;0;0;0;0;0;0;0;0;0;0;
298;0;0;0;0;0.001;0;0;0;0;0;0;0.002;0.015;0;0.02;0.015;0.009;0.015;0.031;0.046;
299;0;0.213;6.51;0;0.055;0.031;0.031;0.015;0.125;0.188;0;0;0;0;0;0;0;0;0;0;
300;0;0.11;3.658;0;0.236;0.236;0.25;0.25;0.109;0.25;0;0;0;0;0;0;0;0;0;0;
301;0;0;0;0.001;0;0;0;0;0;0;0;0;0;0;0;0;0;0;0;0;
302;0;0;0;0;0;0;0;0;0;0;0;0;0;0;0;0;0;0;0;0;
303;0.016;0.031;0.393;0;0.012;0.02;0;0;0.047;0.063;0;0.001;0.016;0;0.015;0.015;0.008;0.016;0.032;0.046;
304;0;0;0;0;0;0;0;0;0;0;0;0;0;0;0;0;0;0;0;0;
305;0;0;0;0;0.001;0;0;0;0;0;0;0;0;0;0;0;0;0;0;0;
306;0;0;0;0;0;0;0;0;0;0;0;0.001;0;0;0;0;0;0;0;0;
307;0.015;0.761;26.306;0;0.07;0.053;0.047;0.047;0.219;0.328;0;0;0;0;0;0;0;0;0;0;
308;0;0;0;0;0;0;0;0;0;0;0;0.001;0.015;0.001;0;0.016;0.008;0.016;0.031;0.047;
309;0;0.303;7.531;0;0.057;0.023;0.043;0.032;0.156;0.234;0;0;0;0.001;0;0;0;0;0;0;
310;0;0;0;0;0;0;0;0;0;0;0;0;0;0;0;0;0;0;0;0;
311;0;0;0;0;0;0;0;0;0;0;0;0.002;0.016;0;0.015;0.015;0.008;0;0.031;0.047;
312;0;0;0;0;0;0;0;0;0;0;0;0.002;0.016;0;0.015;0.016;0.009;0;0.032;0.047;
313;0;0.621;23.353;0.002;0.073;0.058;0.051;0.047;0.235;0.328;0;0;0;0;0;0;0;0;0;0;
314;0;0;0;0;0;0;0;0;0;0;0;0;0;0;0;0;0;0;0;0;
315;0;0;0;0;0.001;0;0;0;0;0;0;0;0;0;0;0;0;0;0;0;
316;0;0;0;0;0;0;0;0;0;0;0;0;0;0;0;0;0;0;0;0;
317;0;0.417;14.633;0;0.052;0.048;0.044;0.047;0.172;0.266;0;0;0;0;0;0;0;0;0;0;
318;0.015;0.876;24.315;0;0.07;0.06;0.048;0.047;0.219;0.328;0;0;0;0;0;0;0;0;0;0;
319;0;0;0;0;0;0.001;0;0;0;0;0;0;0;0.001;0;0;0;0;0;0;
320;0;0;0;0;0;0;0;0;0;0;0;0;0.016;0;0;0.002;0.004;0;0;0;
321;0;0;0;0;0;0;0;0;0;0;0;0;0;0;0;0;0;0;0;0;
322;0;0;0;0.001;0;0.001;0;0;0;0;0;0.001;0.015;0;0.016;0.016;0.007;0;0.031;0.047;
323;0;0.481;17.801;0;0.053;0.047;0.045;0.047;0.203;0.297;0;0;0;0;0;0;0;0;0;0;
324;0;0.533;20.597;0.001;0.054;0.06;0.058;0.047;0.203;0.312;0;0;0;0;0;0;0;0;0;0;
325;0;0;0;0;0;0;0;0;0;0;0;0;0;0;0;0;0;0;0;0;
326;0;0;0;0;0;0;0;0;0;0;0;0;0.007;0;0;0.021;0.015;0;0.047;0.062;
327;0;0;0;0;0;0;0;0;0;0;0;0;0;0;0;0;0;0.015;0;0;
328;0;0;0;0;0;0;0;0;0;0;0;0.016;0.015;0.001;0.016;0;0;0;0.031;0.047;
329;0;0.549;19.018;0.001;0.064;0.047;0.047;0.047;0.203;0.297;0;0;0.016;0;0.016;0.01;0.012;0;0.031;0.062;
330;0;0;0;0;0;0;0;0;0;0;0;0;0;0;0;0;0;0;0;0;
331;0;0;0;0;0;0;0;0;0;0;0;0;0;0;0;0.001;0;0;0;0;
332;0;0;0;0;0;0;0;0;0;0;0;0;0;0;0;0;0;0;0;0;
333;0;0.233;9.69;0.001;0.046;0.048;0.029;0.031;0.141;0.219;0;0;0;0;0;0;0;0;0;0;
334;0;0;0;0;0;0;0;0;0;0;0;0;0;0;0;0.009;0;0;0;0;
335;0;0.062;1.944;0.001;0.027;0.018;0.012;0.016;0.062;0.078;0;0;0;0;0;0;0;0;0;0;
336;0;0;0;0;0.001;0;0;0;0;0;0;0;0;0;0;0;0;0;0;0;
337;0;0.203;7.516;0;0.032;0.044;0.031;0.032;0.141;0.203;0.016;0.001;0;0;0;0;0;0;0;0;
338;0;0;0;0;0;0;0;0;0;0;0;0;0;0;0;0;0;0;0;0;
339;0.004;0.148;5.844;0;0.032;0.031;0.019;0.031;0.109;0.156;0;0;0;0;0;0;0;0;0;0;
340;0;0.115;3.344;0;0.258;0.288;0.222;0.22;0.11;0.22;0;0;0.016;0;0;0.002;0.002;0.032;0.016;0;
341;0;0;0;0;0.016;0;0;0;0;0;0;0;0.015;0;0;0;0.01;0.016;0.032;0.046;
342;0;0;0;0;0;0;0;0;0;0;0;0;0;0;0;0;0;0;0;0;
343;0;0;0;0;0;0;0;0;0;0;0;0;0;0;0;0;0;0;0;0;
344;0;0;0;0;0;0;0;0;0;0;0;0;0.012;0.016;0.007;0.016;0;0;0.031;0.046;
345;0;0;0;0;0;0;0;0;0;0;0;0;0;0;0;0;0;0;0;0;
346;0;0.23;8.28;0;0.04;0.031;0.03;0.031;0.125;0.203;0;0;0;0;0;0;0;0;0;0;
347;0;0;0;0;0;0;0;0;0;0;0;0;0.016;0;0.011;0.016;0.007;0;0.031;0.047;
348;0;0;0;0;0;0;0;0;0;0;0;0;0;0;0.01;0.016;0.008;0;0.032;0.031;
349;0;0;0;0;0;0;0;0;0;0;0;0;0.015;0;0.012;0.016;0.008;0.015;0.031;0.046;
350;0;0;0;0;0;0;0;0;0;0;0;0;0;0;0;0;0;0;0;0;
351;0;0;0;0;0;0;0;0;0;0;0;0;0;0;0;0;0;0;0;0;
352;0;0.355;10.811;0.002;0.047;0.032;0.035;0.032;0.156;0.235;0;0;0;0;0;0;0;0;0;0;
353;0;0;0;0;0;0;0;0.016;0;0;0;0;0.016;0;0.016;0.016;0.009;0;0.047;0.063;
354;0;0;0;0;0;0;0;0;0;0;0;0;0;0;0;0;0;0;0;0;
355;0;0.376;13.442;0.001;0.047;0.047;0.043;0.047;0.172;0.266;0;0;0;0;0;0;0;0;0;0;
356;0;0;0;0;0;0;0;0;0;0;0;0;0;0;0;0;0;0;0;0;
357;0;0;0;0;0;0;0;0;0;0;0;0;0;0;0;0;0.001;0;0;0;
358;0;0.25;7.944;0.001;0.047;0.03;0.02;0.031;0.14;0.203;0;0;0;0;0;0;0;0;0;0;
359;0;0;0;0;0;0;0;0;0;0;0;0.001;0;0;0.016;0.008;0.007;0.015;0.031;0.047;
360;0;0;0;0;0;0;0;0;0;0;0;0;0;0;0;0;0;0;0;0;
361;0.016;0.331;9.974;0.002;0.047;0.031;0.035;0.031;0.156;0.234;0;0;0;0;0;0;0;0;0;0;
362;0;0;0;0;0;0;0;0;0;0;0;0;0;0;0;0;0;0;0;0;
363;0;0;0;0;0;0;0;0;0;0;0;0;0;0;0;0;0;0;0;0;
364;0;0;0;0;0;0;0;0;0;0;0;0;0;0;0;0;0;0;0;0;
365;0;0;0;0;0;0;0;0;0;0;0;0;0;0;0;0;0;0;0;0;
366;0.016;0.247;6.375;0.001;0.032;0.031;0.032;0.032;0.125;0.203;0;0;0;0;0;0;0;0;0;0;
367;0;0;0;0;0;0;0;0;0;0;0;0;0;0;0;0;0;0;0;0;
368;0;0.1;3;0.001;0.031;0.016;0.019;0.015;0.078;0.125;0;0;0;0;0;0;0;0;0;0;
369;0;0;0;0;0;0;0;0;0;0;0;0;0;0;0;0.001;0;0;0;0;
370;0;0;0;0;0;0;0;0;0;0;0;0;0;0;0;0;0;0;0;0;
371;0;0;0;0;0;0;0;0;0;0;0;0;0;0;0;0;0;0;0;0;
372;0;0;0;0;0;0;0;0;0;0;0;0;0;0;0;0;0;0;0;0;
373;0.016;0.69;26.01;0.001;0.08;0.077;0.073;0.063;0.312;0.422;0;0;0;0;0;0;0;0;0;0;
374;0;0;0;0;0;0;0;0;0;0;0;0;0;0;0;0;0;0;0;0;
375;0;0;0;0;0;0;0;0;0;0;0;0;0;0;0;0.001;0.001;0;0;0;
376;0;0;0;0;0;0;0;0;0;0;0;0;0;0;0;0;0;0;0;0;
377;0;0;0;0;0;0;0;0;0;0;0;0;0;0;0;0;0;0;0;0;
378;0;0;0;0;0;0;0;0;0;0;0;0;0;0;0;0;0;0;0;0;
379;0;0;0;0;0;0;0.001;0;0;0;0;0;0;0;0;0;0;0;0;0;
380;0;0;0;0;0;0;0;0;0;0;0;0;0;0;0;0;0;0;0;0;
381;0;0;0;0;0;0;0;0;0;0;0;0;0;0;0;0;0;0;0;0;
382;0;0;0;0;0.001;0;0;0;0;0;0;0;0;0;0;0;0;0;0;0;
383;0;0;0;0;0;0;0;0;0;0;0;0;0;0;0;0;0;0;0;0;
384;0;0;0;0;0;0;0.001;0;0;0;0;0;0;0;0;0;0;0;0;0;
385;0.015;0.923;34.548;0;0.086;0.069;0.071;0.062;0.297;0.437;0;0;0;0;0;0;0;0;0;0;
386;0;0;0;0;0;0;0;0;0;0;0;0;0.005;0;0;0.009;0.008;0.015;0.031;0.047;
387;0;0;0;0;0;0.001;0;0;0;0;0;0;0.016;0;0.015;0.002;0.008;0.015;0.031;0.047;
388;0;0;0;0;0;0.016;0;0;0;0;0;0;0;0;0;0;0;0;0;0;
389;0;0;0;0;0;0;0;0;0;0;0;0;0;0;0;0;0;0;0;0;
390;0;0;0;0;0;0;0;0;0;0;0;0;0;0;0;0;0;0;0;0;
391;0;0;0;0;0;0;0;0;0;0;0;0;0;0.001;0;0;0;0;0;0;
392;0;0;0;0;0;0;0;0;0;0;0;0.001;0.016;0;0.002;0;0;0;0.031;0.047;
393;0;0;0;0;0;0;0;0;0;0;0;0;0;0;0;0;0;0;0;0;
394;0;0;0;0;0;0;0;0;0;0;0;0.001;0;0;0;0;0;0;0;0;
395;0;0;0;0;0;0;0;0;0;0;0.016;0;0.016;0.001;0.012;0.009;0.006;0.016;0.031;0.063;
396;0;0;0;0;0;0;0;0;0;0;0;0;0;0;0;0;0;0;0;0;
397;0;0;0;0;0;0;0.001;0;0;0;0;0;0;0;0;0;0;0;0;0;
398;0;0;0;0;0;0;0;0;0;0;0;0;0;0;0;0;0;0;0;0;
399;0;0;0;0;0;0;0.001;0;0;0;0;0;0.016;0;0.012;0;0.009;0.016;0.032;0.047;
400;0;0.624;20.649;0.002;1.378;1.288;1.236;1.126;0.562;1.156;0;0;0;0;0;0;0;0;0;0;
401;0;0;0;0;0;0;0;0;0;0;0;0;0.016;0;0.016;0.008;0.008;0.015;0.047;0.047;
402;0;0;0;0;0.001;0;0;0;0;0;0;0;0;0;0;0;0;0;0;0;
403;0;0;0;0;0;0;0;0;0;0;0;0;0;0;0;0;0;0;0;0;
404;0;0;0;0;0;0.001;0;0;0;0;0;0;0;0;0;0;0;0;0;0;
405;0;0;0;0;0;0;0;0;0;0;0;0;0;0;0;0;0;0;0;0;
406;0;0;0;0;0;0;0;0;0;0;0;0;0;0;0;0;0;0;0;0;
407;0;0.242;8.32;0.001;0.048;0.044;0.021;0.032;0.171;0.219;0;0;0;0;0;0;0;0;0;0;
408;0;0.032;0.781;0;0.018;0.016;0.009;0.016;0.047;0.078;0;0;0;0;0;0;0.001;0;0;0;
409;0;0.245;9.066;0.001;0.045;0.049;0.04;0.031;0.156;0.203;0;0;0.016;0;0.012;0.009;0.009;0.015;0.032;0.062;
410;0;0;0;0;0;0;0;0;0;0;0;0;0;0;0;0;0;0;0;0;
411;0;0.141;4.685;0.001;0.034;0.029;0.033;0.015;0.109;0.156;0;0;0;0;0;0;0;0;0;0;
412;0;0;0;0;0;0;0;0;0;0;0;0;0;0;0;0;0;0;0;0;
413;0;0;0;0;0;0;0;0;0;0;0;0;0;0;0;0;0;0;0;0;
414;0;0.577;19.769;0;0.072;0.047;0.054;0.047;0.234;0.328;0;0;0;0;0;0;0;0;0;0;
415;0;0;0;0;0;0;0;0;0;0;0;0;0;0;0.01;0.018;0.006;0;0.031;0.047;
416;0;0;0;0;0;0;0;0;0;0;0;0;0.015;0;0.017;0.009;0.009;0;0.031;0.047;
417;0;0;0;0;0;0;0;0;0;0;0;0;0;0;0;0;0;0;0;0;
418;0;0;0;0;0;0;0;0;0;0;0;0;0.015;0;0.02;0.008;0;0;0.047;0.063;
419;0;0;0;0;0;0;0;0;0;0;0;0;0;0;0;0;0;0;0;0;
420;0;0;0;0;0;0;0;0;0;0;0;0;0;0;0;0;0;0;0;0;
421;0;0;0;0;0;0;0;0;0;0;0;0.002;0.016;0;0.016;0.009;0.008;0;0.031;0.047;
422;0;0;0;0;0;0;0.001;0;0;0;0;0;0;0.001;0.001;0;0;0;0;0;
423;0;0;0;0;0;0;0;0;0;0;0;0.001;0.015;0.001;0.009;0;0.006;0.016;0.031;0.047;
424;0;0;0;0;0;0;0;0;0;0;0;0;0;0;0;0;0;0;0;0;
425;0;0;0;0;0;0;0;0;0;0;0;0.001;0.013;0;0.006;0.009;0.008;0.016;0.031;0.047;
426;0;0;0;0;0;0;0;0;0;0;0;0;0;0;0;0;0;0;0;0;
427;0;0.334;9.939;0;0.067;0.046;0.038;0.047;0.156;0.25;0;0;0;0;0;0;0.001;0;0;0;
428;0;0;0;0;0;0;0;0;0;0;0;0;0;0.001;0;0;0;0;0;0;
429;0;0;0;0;0;0;0;0;0;0;0;0;0;0;0;0;0;0;0;0;
430;0;0.302;10.829;0.001;0.063;0.047;0.039;0.032;0.156;0.25;0;0;0;0;0;0;0;0;0;0;
431;0;0;0;0;0;0;0;0;0;0;0;0.002;0.012;0;0.004;0.007;0.007;0;0.032;0.047;
432;0;0;0;0;0;0;0;0;0;0;0;0;0;0;0;0;0;0;0;0;
433;0;0;0;0;0;0;0;0;0;0;0;0;0;0;0;0;0;0;0;0;
434;0;0;0;0.001;0;0;0;0;0;0;0;0.001;0.016;0;0.009;0.009;0;0.015;0.031;0.047;
435;0;0;0;0;0;0;0;0;0;0;0;0;0;0;0;0;0;0;0;0;
436;0;0.258;9.399;0.001;0.047;0.032;0.036;0.031;0.14;0.203;0;0;0;0;0;0;0;0;0;0;
437;0;0;0;0;0;0;0;0;0;0;0;0;0;0;0;0;0;0;0;0;
438;0;0;0;0;0;0;0;0;0;0;0;0;0.015;0;0.016;0.007;0.007;0;0.031;0.031;
439;0;0;0;0;0;0;0;0;0;0;0.016;0.001;0.015;0;0.02;0.009;0;0;0.032;0.063;
440;0;0;0;0.001;0;0;0;0;0;0;0;0;0;0;0;0;0;0;0;0;
441;0;0.289;10.063;0.001;0.048;0.047;0.033;0.032;0.157;0.219;0.016;0.001;0.015;0;0.006;0.008;0.012;0;0.031;0.047;
442;0;0.11;3.368;0.001;0.032;0.031;0.039;0.016;0.078;0.141;0;0;0;0;0;0;0;0;0;0;
443;0;0;0;0;0;0;0;0;0;0;0;0;0;0;0;0;0;0;0;0;
444;0;0;0;0;0;0;0;0;0;0;0;0;0;0;0;0;0;0;0;0;
445;0;0;0;0;0;0;0;0;0;0;0;0.001;0;0;0;0.007;0.007;0;0.032;0.047;
446;0;0;0;0;0;0;0;0;0;0;0;0.001;0.016;0;0;0.008;0.007;0;0.031;0.032;
447;0;0;0;0;0;0;0;0;0;0;0;0;0.016;0.001;0.011;0.026;0.008;0;0.032;0.047;
448;0;0;0;0;0;0;0;0;0;0;0;0;0;0;0;0;0;0;0;0;
449;0;0;0;0;0;0;0;0;0;0;0;0;0;0;0;0;0;0;0;0;
450;0;0;0;0;0.001;0;0;0;0;0;0;0;0;0;0;0;0;0;0;0;
451;0;0;0;0;0;0;0.001;0;0;0;0;0;0;0;0;0;0;0;0;0;
452;0;0;0;0;0;0;0;0;0;0;0;0;0;0;0;0;0;0;0;0;
453;0;0;0;0;0;0;0;0;0;0;0;0.001;0.016;0;0;0.005;0;0;0.031;0.047;
454;0;0;0;0;0;0;0.001;0;0;0;0;0;0.016;0;0;0.007;0.006;0.015;0.032;0.047;
455;0;0;0.016;0.001;0;0;0;0;0;0;0;0;0;0;0;0;0;0;0;0;
456;0;0;0;0;0;0;0;0;0;0;0;0;0;0;0;0;0;0;0;0;
457;0;0;0;0;0;0;0;0;0;0;0;0;0;0;0;0;0;0;0;0;
458;0;0;0;0;0;0;0;0;0;0;0;0;0.016;0.001;0.011;0.002;0;0;0.032;0.047;
459;0;0;0;0;0;0;0;0;0;0;0;0;0;0;0;0;0;0;0;0;
460;0;0;0;0;0;0;0;0;0;0;0;0;0;0;0;0.001;0;0;0;0;
461;0;0;0;0;0;0;0;0;0;0;0;0;0;0;0;0;0.001;0;0;0;
462;0;0;0;0.001;0;0;0;0;0;0;0;0.001;0;0;0;0;0;0;0;0;
463;0;0;0;0;0;0;0;0;0;0;0;0;0;0;0.016;0.008;0.007;0.016;0.032;0.047;
464;0;0;0;0;0;0;0;0;0;0;0;0;0;0;0;0;0;0;0;0;
465;0;0;0;0.001;0;0;0;0;0;0;0;0;0;0;0;0;0;0;0;0;
466;0;0;0;0;0;0;0;0;0;0;0;0;0;0;0;0;0;0;0;0;
467;0;0;0;0;0;0;0;0;0;0;0;0.001;0.016;0;0.016;0.01;0.01;0.015;0.031;0.047;
468;0;0;0;0;0;0;0;0;0;0;0;0.001;0.015;0;0.016;0;0.006;0;0.032;0.046;
469;0;0;0;0;0;0;0;0;0;0;0;0.001;0;0;0.015;0.018;0.007;0;0.031;0.031;
470;0;0;0;0;0;0;0;0;0;0;0;0;0;0;0;0;0;0;0;0;
471;0;0;0;0;0;0;0;0;0;0;0;0.002;0.016;0;0.015;0.009;0.009;0;0.031;0.047;
472;0;0;0;0;0;0;0;0;0;0;0;0;0;0;0;0;0;0;0;0;
473;0;0;0;0;0;0;0;0;0;0;0;0;0;0;0;0;0;0;0;0;
474;0;0.133;3.398;0.001;0.028;0.031;0.017;0.031;0.109;0.156;0;0;0;0;0;0;0;0;0;0;
475;0;0;0;0;0;0;0;0;0;0;0;0;0;0;0;0;0;0;0;0;
476;0;0;0;0;0;0;0;0;0;0;0;0;0;0;0;0;0;0;0;0;
477;0;0;0;0;0;0;0;0;0;0;0;0.016;0.016;0;0.01;0.009;0.001;0;0.032;0.047;
478;0;0;0;0;0;0;0;0;0;0;0;0;0;0;0;0;0;0;0;0;
479;0.004;0.442;17.252;0.001;0.066;0.047;0.051;0.047;0.234;0.343;0;0;0;0;0;0;0;0;0;0;
480;0;0;0;0;0;0;0;0;0;0;0;0;0;0;0;0;0;0;0;0;
481;0;0;0;0;0;0;0;0;0;0;0;0;0;0;0;0;0;0;0;0;
482;0.016;0.185;3.978;0.001;0.024;0.039;0.021;0.032;0.141;0.187;0;0;0;0;0;0;0;0;0;0;
483;0;0;0;0;0.001;0;0;0;0;0;0;0;0;0;0;0;0;0;0;0;
484;0;0.273;11.978;0;0.065;0.032;0.042;0.031;0.187;0.25;0;0;0;0;0;0;0;0;0;0;
485;0;0;0;0;0;0;0;0;0;0;0;0;0;0;0;0;0;0;0;0;
486;0;0;0;0;0;0;0;0;0;0;0;0.001;0.015;0;0.01;0.008;0.003;0;0.031;0.046;
487;0;0.221;8.435;0.001;0.049;0.031;0.039;0.031;0.157;0.218;0;0;0;0;0;0;0;0;0;0;
488;0;0;0;0;0;0;0;0;0;0;0;0;0;0;0;0;0;0;0;0;
489;0;0;0;0;0;0;0;0;0;0;0;0;0;0;0;0.007;0.015;0;0.031;0.047;
490;0;0;0;0;0;0;0;0;0;0;0;0;0;0;0;0;0;0;0;0;
491;0;0;0.001;0;0.001;0;0;0;0;0;0;0;0;0;0;0;0.001;0;0;0;
492;0;0;0;0;0;0;0;0;0;0;0.016;0;0;0;0;0;0;0;0;0;
493;0;0;0;0;0;0.001;0;0;0;0;0;0;0;0;0;0;0;0;0;0;
494;0;0;0;0;0;0;0;0;0;0;0;0;0;0;0;0;0;0;0;0;
495;0;0.305;11.773;0.001;0.065;0.042;0.053;0.047;0.171;0.25;0;0;0;0;0;0;0;0;0;0;
496;0;0.197;8.077;0;0.05;0.041;0.031;0.031;0.141;0.203;0;0;0;0.001;0;0;0;0;0;0;
497;0;0;0;0;0;0;0;0;0;0;0;0;0;0;0;0;0;0;0;0;
498;0;0.219;8.007;0.001;0.046;0.03;0.032;0.032;0.141;0.204;0;0;0;0;0;0;0;0;0;0;
499;0.016;0.285;11.981;0;0.071;0.033;0.049;0.047;0.187;0.25;0;0.001;0;0;0;0;0;0;0;0;
500;0;0.38;16.73;0.001;0.798;0.87;0.882;0.75;0.375;0.75;0;0;0;0;0;0;0;0;0;0;
501;0;0.172;7.126;0;0.031;0.036;0.036;0.031;0.125;0.188;0;0;0;0;0;0;0;0;0;0;
502;0;0;0.001;0;0;0;0;0;0;0;0;0;0.016;0;0.01;0.009;0;0;0.031;0.047;
503;0.015;0.148;5.551;0;0.032;0.022;0.036;0.031;0.11;0.156;0;0.001;0.016;0;0;0.007;0.021;0.016;0.031;0.047;
504;0;0;0;0;0;0;0.001;0;0;0;0;0;0;0;0;0;0;0;0;0;
505;0;0.21;6.81;0;0.032;0.036;0.035;0.031;0.156;0.219;0;0;0;0;0;0;0;0;0;0;
506;0;0;0;0;0;0;0;0;0;0;0;0.001;0;0;0.016;0.008;0.006;0;0.032;0.032;
507;0;0;0;0;0;0;0;0;0;0;0;0;0;0;0;0;0;0;0;0;
508;0;0;0;0;0;0;0;0;0;0;0;0;0;0;0;0;0;0;0;0;
509;0;0.137;3.348;0.001;0.047;0.031;0.029;0.016;0.11;0.156;0;0;0;0;0;0;0;0;0;0;
510;0;0;0;0;0;0;0;0;0;0;0;0;0.016;0;0.01;0.008;0;0.015;0.031;0.047;
511;0;0;0;0;0;0;0;0;0;0;0;0;0;0;0;0;0;0;0;0;
512;0;0;0;0;0;0;0;0;0;0;0;0.002;0.016;0;0.01;0.003;0;0;0.032;0.047;
513;0;0;0;0;0;0;0;0;0;0;0;0;0;0;0;0;0;0;0;0;
514;0;0.42;15.978;0.001;0.047;0.056;0.029;0.046;0.219;0.297;0;0.001;0.016;0;0.011;0.009;0.009;0.016;0.031;0.047;
515;0;0;0;0;0;0;0;0;0;0;0;0;0.016;0;0.009;0.007;0.007;0;0.031;0.047;
516;0;0;0;0;0;0;0;0;0;0;0;0;0;0;0;0;0;0;0;0;
517;0;0;0;0;0;0;0;0;0;0;0;0;0.016;0.001;0.016;0.009;0.009;0.015;0.047;0.062;
518;0;0;0;0;0;0;0;0;0;0;0;0;0;0.001;0;0;0;0;0;0;
519;0;0.164;5.913;0.001;0.031;0.032;0.026;0.015;0.125;0.188;0;0;0;0;0;0;0;0;0;0;
520;0;0;0;0;0;0;0;0;0;0;0;0;0;0;0;0.002;0;0;0;0;
521;0.004;0.195;5.616;0;0.031;0.031;0.04;0.016;0.14;0.203;0;0;0.016;0.001;0.016;0.009;0.007;0;0.031;0.047;
522;0;0;0;0;0;0;0;0;0;0;0;0;0;0;0;0;0;0;0;0;
523;0;0.032;1.015;0.001;0.016;0.016;0.012;0.016;0.047;0.062;0;0;0;0;0;0;0;0;0;0;
524;0;0;0;0;0;0;0;0;0;0;0;0;0;0;0;0;0;0;0;0;
525;0;0;0;0;0;0;0;0;0;0;0;0;0;0;0;0;0;0;0;0;
526;0;0;0;0;0;0;0;0;0;0;0;0;0;0.001;0.001;0.001;0;0;0;0;
527;0;0;0;0;0;0;0;0;0;0;0;0;0;0;0;0;0;0;0;0;
528;0;0;0;0;0;0;0;0;0;0;0;0.001;0.015;0;0.013;0.009;0;0.015;0.031;0.046;
529;0;0;0;0;0;0;0;0;0;0;0;0;0;0;0;0.001;0;0;0;0;
530;0;0.015;0.813;0.001;0.016;0.016;0.009;0.015;0.046;0.047;0;0;0;0;0.01;0.012;0;0;0.031;0.047;
531;0;0;0;0.001;0;0;0;0;0;0;0;0;0;0;0;0;0.001;0;0;0;
532;0;0;0;0;0;0;0;0;0;0;0;0;0;0;0;0;0;0;0;0;
533;0;0;0;0;0;0;0;0;0;0;0;0;0;0;0;0;0;0;0;0;
534;0;0;0;0;0;0;0;0;0;0;0;0;0;0;0;0;0;0;0;0;
535;0.001;0;0;0;0;0;0;0;0;0;0;0;0;0;0;0;0;0;0;0;
536;0;0;0;0;0;0;0;0;0;0;0;0;0.016;0;0.016;0.008;0.016;0.016;0.031;0.047;
537;0;0;0;0.001;0.001;0;0;0;0;0;0;0;0;0;0;0;0;0;0;0;
538;0;0;0;0;0;0.001;0;0;0;0;0;0;0;0;0;0.001;0;0;0;0;
539;0;0;0;0;0;0;0;0;0;0;0;0;0;0;0;0;0;0;0;0;
540;0.004;0.228;7.232;0.001;0.464;0.466;0.48;0.468;0.234;0.438;0;0;0;0;0;0;0;0;0;0;
541;0;0;0.001;0;0;0;0;0;0;0;0;0.002;0.016;0;0;0.016;0;0;0.031;0.046;
542;0;0;0.001;0;0;0;0;0;0;0;0;0;0;0;0;0;0;0;0;0;
543;0.001;0;0;0;0;0;0;0;0;0;0;0.002;0.016;0;0;0.015;0.007;0;0.032;0.047;
544;0.008;0.413;17.333;0.001;0.07;0.047;0.054;0.031;0.188;0.282;0;0.001;0.016;0;0.003;0.009;0.015;0;0.047;0.062;
545;0;0;0;0;0;0;0;0;0;0;0;0;0;0;0;0;0;0;0;0;
546;0.034;0.264;10.345;0.001;0.047;0.047;0.038;0.031;0.14;0.219;0;0;0;0;0.001;0;0;0;0;0;
547;0;0;0;0;0;0;0;0;0;0;0;0.001;0.016;0;0.008;0.01;0;0;0.031;0.047;
548;0;0.11;3.552;0;0.032;0.008;0.016;0.032;0.094;0.125;0;0;0;0;0;0;0;0;0;0;
549;0;0;0.001;0;0;0;0;0;0;0;0;0.001;0.016;0;0.01;0.016;0.016;0;0.031;0.046;
550;0;0;0;0;0;0;0;0;0;0;0;0;0;0;0;0;0;0;0;0;
551;0.004;0.314;12.273;0.001;0.046;0.032;0.038;0.031;0.172;0.25;0;0;0;0;0;0;0;0;0;0;
552;0;0;0;0;0;0;0;0;0;0;0;0;0;0;0;0;0;0;0;0;
553;0;0;0;0;0;0;0;0;0;0;0;0.001;0.016;0;0.016;0.004;0;0;0.047;0.046;
554;0;0;0;0;0;0;0;0;0;0;0;0.001;0.015;0;0.009;0.016;0.008;0;0.031;0.047;
555;0;0;0;0;0;0;0;0;0;0;0;0;0;0;0;0;0;0;0;0;
556;0;0;0;0.001;0;0;0;0;0;0;0;0;0;0;0;0;0;0;0;0;
557;0;0;0;0;0;0;0;0;0;0;0;0.001;0.015;0;0.01;0.008;0.015;0.016;0.032;0.047;
558;0;0;0.001;0;0;0;0;0;0;0;0;0;0.016;0.001;0;0.007;0;0;0.031;0.046;
559;0.004;0.62;27.679;0.002;0.062;0.062;0.047;0.047;0.219;0.344;0;0;0;0;0;0;0;0;0;0;
560;0;0;0;0;0;0;0;0;0;0;0;0.001;0;0;0.002;0;0;0;0;0.032;
561;0.004;0.233;9.238;0.001;0.031;0.048;0.032;0.032;0.125;0.204;0;0;0;0;0;0;0;0;0;0;
562;0.003;0.328;10.339;0.001;0.055;0.031;0.031;0.047;0.157;0.234;0;0.001;0;0;0.011;0.009;0.008;0;0.031;0.062;
563;0.004;0.263;10.033;0.001;0.069;0.022;0.032;0.031;0.14;0.219;0;0;0;0;0;0;0;0;0;0;
564;0;0;0;0;0;0;0;0;0;0;0;0;0;0;0;0;0;0;0;0;
565;0;0;0;0;0;0;0;0;0;0;0;0;0;0;0;0;0;0;0;0;
566;0;0;0;0;0;0;0;0;0;0;0;0;0;0;0;0;0;0;0;0;
567;0;0;0;0;0;0;0;0;0;0;0;0;0;0;0;0;0;0;0;0;
568;0;0;0;0;0;0;0;0;0;0;0;0;0;0;0;0;0.001;0;0;0;
569;0;0;0;0;0;0;0;0;0;0;0;0.001;0.016;0;0;0.006;0.015;0;0.032;0.031;
570;0;0;0;0;0;0;0;0;0;0;0;0;0;0;0;0;0;0;0;0;
571;0.003;0.207;8.65;0.001;0.047;0.032;0.015;0.016;0.125;0.188;0;0;0;0;0;0;0;0;0;0;
572;0;0;0;0;0;0;0;0;0;0;0;0;0;0;0;0;0;0;0;0;
573;0;0;0;0;0;0;0;0;0;0;0;0;0;0;0;0;0;0;0;0;
574;0.003;0.198;5.237;0.002;0.047;0.033;0.031;0.016;0.11;0.172;0;0;0;0.001;0;0;0;0;0;0;
575;0;0;0.001;0.001;0;0.001;0;0;0;0;0;0;0;0;0;0.001;0;0;0;0;
576;0;0;0;0;0;0;0;0;0;0;0;0;0;0;0;0;0;0;0;0;
577;0;0;0;0;0;0;0;0;0;0;0;0;0;0;0;0;0;0;0;0;
578;0;0;0;0;0;0;0;0;0;0;0;0;0;0;0;0.015;0;0;0;0;
579;0.003;0.436;14.841;0;0.057;0.051;0.048;0.047;0.203;0.281;0;0.001;0;0;0;0.001;0;0;0;0;
580;0.001;0;0;0;0.001;0;0;0;0;0;0;0;0;0.001;0;0;0;0;0;0;
581;0;0;0;0;0;0;0;0;0;0;0;0.002;0;0;0;0;0.016;0;0.031;0.047;
582;0;0;0;0;0;0;0;0;0;0;0;0.003;0.016;0;0.011;0.009;0.016;0;0.031;0.046;
583;0;0;0.001;0;0;0;0;0;0;0;0;0;0;0;0;0;0;0;0;0;
584;0;0;0;0;0;0;0;0;0;0;0;0.001;0;0;0;0;0;0;0;0;
585;0;0;0;0;0;0;0;0;0;0;0;0;0;0;0;0;0;0;0;0;
586;0;0;0;0;0;0;0;0;0;0;0;0.002;0.015;0.001;0.01;0.009;0.015;0.015;0.031;0.047;
587;0.002;0.273;8.421;0.001;0.047;0.051;0.032;0.032;0.156;0.219;0;0;0;0;0;0;0;0;0;0;
588;0.002;0.242;9.08;0;0.031;0.042;0.044;0.031;0.14;0.203;0;0;0;0;0;0;0;0;0;0;
589;0;0;0;0.001;0;0;0;0;0;0;0;0;0;0;0;0;0;0;0;0;
590;0.004;0.109;3.38;0;0.031;0.026;0.016;0.032;0.094;0.14;0;0;0;0;0;0;0;0;0;0;
591;0;0;0;0;0;0;0;0;0;0;0;0;0;0;0;0;0;0;0;0;
592;0;0;0;0;0;0;0;0;0;0;0;0;0;0;0;0;0;0;0;0;
593;0;0;0;0;0;0;0;0;0;0;0;0;0;0;0;0;0;0;0;0;
594;0;0;0;0;0;0;0;0;0;0;0;0;0;0;0;0;0;0;0;0;
595;0;0;0;0;0;0;0;0;0;0;0;0;0;0;0;0;0;0;0;0;
596;0.002;0.109;4.541;0;0.031;0.019;0.016;0.015;0.094;0.14;0;0;0.016;0;0.024;0.008;0.015;0;0.031;0.047;
597;0.001;0;0;0;0;0;0;0;0;0;0;0;0;0;0;0;0;0;0;0;
598;0;0;0;0;0;0;0;0;0;0;0;0;0;0;0;0;0;0;0;0;
599;0;0;0;0;0;0;0;0;0;0;0;0;0;0;0;0;0;0;0;0;
600;0;0;0;0;0;0;0;0;0;0;0;0;0;0;0;0;0.002;0;0;0;
601;0;0;0;0;0;0;0;0;0;0;0;0;0;0;0;0;0;0;0;0;
602;0;0;0;0;0;0;0;0;0;0;0;0;0;0;0;0;0;0;0;0;
603;0;0;0;0;0;0;0;0;0;0;0;0;0;0;0;0.001;0;0;0;0;
604;0;0;0;0;0;0;0;0;0;0;0;0;0;0;0;0;0;0;0;0;
605;0;0;0;0;0;0;0;0;0;0;0;0;0;0;0;0;0;0;0;0;
606;0;0;0;0;0;0;0;0;0;0;0;0;0;0;0;0;0;0;0;0;
607;0.016;0.259;9.519;0.001;0.057;0.036;0.047;0.031;0.141;0.203;0;0.001;0;0;0;0;0;0;0;0;
608;0;0.079;1.532;0.001;0.018;0.019;0.015;0.031;0.078;0.109;0;0.001;0;0;0;0;0;0;0;0;
609;0;0;0;0;0;0;0;0;0;0;0;0;0;0;0;0;0;0;0;0;
610;0;0.312;6.684;0;0.06;0.03;0.041;0.032;0.125;0.187;0;0.002;0.016;0;0.016;0;0.016;0;0.031;0.062;
611;0;0;0;0.001;0;0;0;0;0;0;0;0;0;0;0;0;0;0;0;0;
612;0;0;0;0;0;0;0;0;0;0;0;0;0;0;0;0;0;0;0;0;
613;0;0;0;0;0;0;0;0;0;0;0;0.001;0.015;0.001;0.003;0.007;0;0.015;0.031;0.047;
614;0;0.597;21.811;0;0.082;0.052;0.051;0.047;0.219;0.313;0;0.002;0.015;0;0.009;0;0;0;0.031;0.047;
615;0;0;0;0;0;0;0;0;0;0;0;0;0;0;0;0;0;0;0;0;
616;0;0;0;0;0;0;0;0;0;0;0;0;0;0;0;0;0;0;0;0;
617;0;0;0;0;0;0;0;0;0;0;0;0;0;0;0.001;0;0;0;0;0;
618;0.014;0.258;9.738;0.001;0.046;0.039;0.032;0.047;0.171;0.25;0;0;0;0;0;0;0;0;0;0;
619;0;0;0;0;0;0;0.016;0;0;0;0;0.001;0;0;0;0;0;0;0;0;
620;0.004;0.478;20.428;0.001;0.94;1.02;0.91;0.968;0.468;0.936;0;0;0;0.015;0;0;0;0;0;0;
621;0;0;0;0;0;0;0;0;0;0;0;0.001;0.016;0.001;0.015;0.008;0.015;0;0.031;0.047;
622;0;0;0.001;0;0;0;0;0;0;0;0;0.001;0.016;0;0.025;0.009;0;0.016;0.032;0.047;
623;0;0;0;0;0;0;0;0;0;0;0;0.001;0.016;0;0.011;0.009;0;0;0.031;0.062;
624;0;0;0;0;0;0;0;0;0;0;0;0;0;0;0;0;0;0;0;0;
625;0;0;0;0;0;0;0;0;0;0;0;0;0;0.001;0;0;0;0;0;0;
626;0;0.086;3.093;0.001;0.016;0.015;0.015;0.016;0.078;0.125;0;0;0;0;0;0;0;0;0;0;
627;0;0;0;0;0;0;0;0;0;0;0;0;0;0;0;0;0;0;0;0;
628;0;0.303;11.634;0;0.05;0.042;0.039;0.031;0.172;0.25;0;0;0;0;0;0;0;0;0;0;
